,Supplier_Lead_Time,Inventory_Levels,Order_Frequency,Delivery_Performance,Cost_Per_Unit
Supplier_Lead_Time,1.0,0.3136048559510561,-0.8701347654246803,-0.9195765727455042,0.9618478621783213
Inventory_Levels,0.3136048559510561,1.0,-0.2895379085385276,-0.28698027788643,0.3432742107206539
Order_Frequency,-0.8701347654246803,-0.2895379085385276,1.0,0.7980071072413777,-0.8536822696317489
Delivery_Performance,-0.9195765727455042,-0.28698027788643,0.7980071072413777,1.0,-0.9237367067797569
Cost_Per_Unit,0.9618478621783213,0.3432742107206539,-0.8536822696317489,-0.9237367067797569,1.0
